{"cameraMode":{"drawMode":0,"name":"Shaded","section":"Shading Mode"},"sceneLighting":true,"audioPlay":false,"sceneViewState":{"m_AlwaysRefresh":false,"showFog":true,"showSkybox":true,"showFlares":true,"showImageEffects":true,"showParticleSystems":true,"showVisualEffectGraphs":true,"m_FxEnabled":true},"in2DMode":false,"pivot":{"x":281.8003845214844,"y":113.78214263916016,"z":-83.07625579833985},"rotation":{"x":0.00036352151073515415,"y":-0.9971315264701843,"z":0.004796376917511225,"w":0.0755336806178093},"size":132.1012725830078,"orthographic":false}