{"cameraMode":{"drawMode":0,"name":"Shaded","section":"Shading Mode"},"sceneLighting":true,"audioPlay":false,"sceneViewState":{"m_AlwaysRefresh":false,"showFog":true,"showSkybox":true,"showFlares":true,"showImageEffects":true,"showParticleSystems":true,"showVisualEffectGraphs":true,"m_FxEnabled":true},"in2DMode":false,"pivot":{"x":132.32684326171876,"y":42.7239990234375,"z":-150.39784240722657},"rotation":{"x":-0.031137729063630105,"y":-0.05513530597090721,"z":-0.001720331609249115,"w":0.9979923367500305},"size":0.9123852849006653,"orthographic":false}