{"cameraMode":{"drawMode":0,"name":"Shaded","section":"Shading Mode"},"sceneLighting":false,"audioPlay":false,"sceneViewState":{"m_AlwaysRefresh":false,"showFog":true,"showSkybox":false,"showFlares":true,"showImageEffects":true,"showParticleSystems":true,"showVisualEffectGraphs":true,"m_FxEnabled":true},"in2DMode":false,"pivot":{"x":1.390834093093872,"y":-0.5250727534294128,"z":0.5319833159446716},"rotation":{"x":0.08298628777265549,"y":0.6873066425323486,"z":0.07952113449573517,"w":-0.7172282338142395},"size":1.1635414361953736,"orthographic":false}