{"cameraMode":{"drawMode":0,"name":"Shaded","section":"Shading Mode"},"sceneLighting":false,"audioPlay":false,"sceneViewState":{"m_AlwaysRefresh":false,"showFog":true,"showSkybox":false,"showFlares":true,"showImageEffects":true,"showParticleSystems":true,"showVisualEffectGraphs":true,"m_FxEnabled":true},"in2DMode":false,"pivot":{"x":195.22506713867188,"y":44.239437103271487,"z":-149.98294067382813},"rotation":{"x":-0.02762056328356266,"y":0.19840967655181886,"z":0.0056207082234323029,"w":0.9797318577766419},"size":0.8107977509498596,"orthographic":false}